,Sex,Age,Debt,Years employed,Prior default,Employed,Credit score,Drivers Licence,Income,Approved,Married__l,Married__u,Married__y,Bank Costumer__g,Bank Costumer__gg,Bank Costumer__p,Citizen__g,Citizen__p,Citizen__s
0,1,30.83,0.0,1.25,1,1,1.0,0,0.0,1,0,1,0,1,0,0,1,0,0
1,0,58.67,4.46,3.04,1,1,6.0,0,560.0,1,0,1,0,1,0,0,1,0,0
2,0,24.5,0.5,1.5,1,0,0.0,0,824.0,1,0,1,0,1,0,0,1,0,0
3,1,27.83,1.54,3.75,1,1,5.0,1,3.0,1,0,1,0,1,0,0,1,0,0
4,1,20.17,5.625,1.71,1,0,0.0,0,0.0,1,0,1,0,1,0,0,0,0,1
5,1,32.08,4.0,2.5,1,0,0.0,1,0.0,1,0,1,0,1,0,0,1,0,0
6,1,33.17,1.04,6.5,1,0,0.0,1,31285.0,1,0,1,0,1,0,0,1,0,0
7,0,22.92,11.585,0.04,1,0,0.0,0,1349.0,1,0,1,0,1,0,0,1,0,0
8,1,54.42,0.5,3.96,1,0,0.0,0,314.0,1,0,0,1,0,0,1,1,0,0
9,1,42.5,4.915,3.165,1,0,0.0,1,1442.0,1,0,0,1,0,0,1,1,0,0
10,1,22.08,0.83,2.165,0,0,0.0,1,0.0,1,0,1,0,1,0,0,1,0,0
11,1,29.92,1.835,4.335,1,0,0.0,0,200.0,1,0,1,0,1,0,0,1,0,0
12,0,38.25,6.0,1.0,1,0,0.0,1,0.0,1,0,1,0,1,0,0,1,0,0
13,1,48.08,6.04,0.04,0,0,0.0,0,2690.0,1,0,1,0,1,0,0,1,0,0
14,0,45.83,10.5,5.0,1,1,7.0,1,0.0,1,0,1,0,1,0,0,1,0,0
15,1,36.67,4.415,0.25,1,1,10.0,1,0.0,1,0,0,1,0,0,1,1,0,0
16,1,28.25,0.875,0.96,1,1,3.0,1,0.0,1,0,1,0,1,0,0,1,0,0
17,0,23.25,5.875,3.17,1,1,10.0,0,245.0,1,0,1,0,1,0,0,1,0,0
18,1,21.83,0.25,0.665,1,0,0.0,1,0.0,1,0,1,0,1,0,0,1,0,0
19,0,19.17,8.585,0.75,1,1,7.0,0,0.0,1,0,1,0,1,0,0,1,0,0
20,1,25.0,11.25,2.5,1,1,17.0,0,1208.0,1,0,1,0,1,0,0,1,0,0
21,1,23.25,1.0,0.835,1,0,0.0,0,0.0,1,0,1,0,1,0,0,0,0,1
22,0,47.75,8.0,7.875,1,1,6.0,1,1260.0,1,0,1,0,1,0,0,1,0,0
23,0,27.42,14.5,3.085,1,1,1.0,0,11.0,1,0,1,0,1,0,0,1,0,0
24,0,41.17,6.5,0.5,1,1,3.0,1,0.0,1,0,1,0,1,0,0,1,0,0
25,0,15.83,0.585,1.5,1,1,2.0,0,0.0,1,0,1,0,1,0,0,1,0,0
26,0,47.0,13.0,5.165,1,1,9.0,1,0.0,1,0,1,0,1,0,0,1,0,0
27,1,56.58,18.5,15.0,1,1,17.0,1,0.0,1,0,1,0,1,0,0,1,0,0
28,1,57.42,8.5,7.0,1,1,3.0,0,0.0,1,0,1,0,1,0,0,1,0,0
29,1,42.08,1.04,5.0,1,1,6.0,1,10000.0,1,0,1,0,1,0,0,1,0,0
30,1,29.25,14.79,5.04,1,1,5.0,1,0.0,1,0,1,0,1,0,0,1,0,0
31,1,42.0,9.79,7.96,1,1,8.0,0,0.0,1,0,1,0,1,0,0,1,0,0
32,1,49.5,7.585,7.585,1,1,15.0,1,5000.0,1,0,1,0,1,0,0,1,0,0
33,0,36.75,5.125,5.0,1,0,0.0,1,4000.0,1,0,1,0,1,0,0,1,0,0
34,0,22.58,10.75,0.415,1,1,5.0,1,560.0,1,0,1,0,1,0,0,1,0,0
35,1,27.83,1.5,2.0,1,1,11.0,1,35.0,1,0,1,0,1,0,0,1,0,0
36,1,27.25,1.585,1.835,1,1,12.0,1,713.0,1,0,1,0,1,0,0,1,0,0
37,0,23.0,11.75,0.5,1,1,2.0,1,551.0,1,0,1,0,1,0,0,1,0,0
38,1,27.75,0.585,0.25,1,1,2.0,0,500.0,1,0,0,1,0,0,1,1,0,0
39,1,54.58,9.415,14.415,1,1,11.0,1,300.0,1,0,1,0,1,0,0,1,0,0
40,1,34.17,9.17,4.5,1,1,12.0,1,221.0,1,0,1,0,1,0,0,1,0,0
41,1,28.92,15.0,5.335,1,1,11.0,0,2283.0,1,0,1,0,1,0,0,1,0,0
42,1,29.67,1.415,0.75,1,1,1.0,0,100.0,1,0,1,0,1,0,0,1,0,0
43,1,39.58,13.915,8.625,1,1,6.0,1,0.0,1,0,1,0,1,0,0,1,0,0
44,1,56.42,28.0,28.5,1,1,40.0,0,15.0,1,0,0,1,0,0,1,1,0,0
45,1,54.33,6.75,2.625,1,1,11.0,1,284.0,1,0,1,0,1,0,0,1,0,0
46,0,41.0,2.04,0.125,1,1,23.0,1,1236.0,1,0,0,1,0,0,1,1,0,0
47,1,31.92,4.46,6.04,1,1,3.0,0,300.0,1,0,1,0,1,0,0,1,0,0
48,1,41.5,1.54,3.5,0,0,0.0,0,0.0,1,0,1,0,1,0,0,1,0,0
49,1,23.92,0.665,0.165,0,0,0.0,0,0.0,1,0,1,0,1,0,0,1,0,0
50,0,25.75,0.5,0.875,1,0,0.0,1,0.0,1,0,1,0,1,0,0,1,0,0
51,1,26.0,1.0,1.75,1,0,0.0,1,0.0,1,0,1,0,1,0,0,1,0,0
52,1,37.42,2.04,0.04,1,0,0.0,1,5800.0,1,0,1,0,1,0,0,1,0,0
53,1,34.92,2.5,0.0,1,0,0.0,1,200.0,1,0,1,0,1,0,0,1,0,0
54,1,34.25,3.0,7.415,1,0,0.0,1,0.0,1,0,1,0,1,0,0,1,0,0
55,1,23.33,11.625,0.835,1,0,0.0,1,300.0,1,0,0,1,0,0,1,1,0,0
56,1,23.17,0.0,0.085,1,0,0.0,0,0.0,1,0,1,0,1,0,0,1,0,0
57,1,44.33,0.5,5.0,1,0,0.0,1,0.0,1,0,1,0,1,0,0,1,0,0
58,1,35.17,4.5,5.75,0,0,0.0,1,0.0,1,0,1,0,1,0,0,0,0,1
59,1,43.25,3.0,6.0,1,1,11.0,0,0.0,1,0,1,0,1,0,0,1,0,0
60,1,56.75,12.25,1.25,1,1,4.0,1,0.0,1,0,1,0,1,0,0,1,0,0
61,1,31.67,16.165,3.0,1,1,9.0,0,730.0,1,0,1,0,1,0,0,1,0,0
62,0,23.42,0.79,1.5,1,1,2.0,1,400.0,1,0,0,1,0,0,1,1,0,0
63,0,20.42,0.835,1.585,1,1,1.0,0,0.0,1,0,1,0,1,0,0,1,0,0
64,1,26.67,4.25,4.29,1,1,1.0,1,0.0,1,0,1,0,1,0,0,1,0,0
65,1,34.17,1.54,1.54,1,1,1.0,1,50000.0,1,0,1,0,1,0,0,1,0,0
66,0,36.0,1.0,2.0,1,1,11.0,0,456.0,1,0,1,0,1,0,0,1,0,0
67,1,25.5,0.375,0.25,1,1,3.0,0,15108.0,1,0,1,0,1,0,0,1,0,0
68,1,19.42,6.5,1.46,1,1,7.0,0,2954.0,1,0,1,0,1,0,0,1,0,0
69,1,35.17,25.125,1.625,1,1,1.0,1,500.0,1,0,1,0,1,0,0,1,0,0
70,1,32.33,7.5,1.585,1,0,0.0,1,0.0,0,0,1,0,1,0,0,0,0,1
71,1,34.83,4.0,12.5,1,0,0.0,1,0.0,0,0,1,0,1,0,0,1,0,0
72,0,38.58,5.0,13.5,1,0,0.0,1,0.0,0,0,1,0,1,0,0,1,0,0
73,1,44.25,0.5,10.75,1,0,0.0,0,0.0,0,0,1,0,1,0,0,0,0,1
74,1,44.83,7.0,1.625,0,0,0.0,0,2.0,0,0,0,1,0,0,1,1,0,0
75,1,20.67,5.29,0.375,1,1,1.0,0,0.0,0,0,1,0,1,0,0,1,0,0
76,1,34.08,6.5,0.125,1,0,0.0,1,0.0,0,0,1,0,1,0,0,1,0,0
77,0,19.17,0.585,0.585,1,0,0.0,1,0.0,0,0,0,1,0,0,1,1,0,0
78,1,21.67,1.165,2.5,1,1,1.0,0,20.0,0,0,0,1,0,0,1,1,0,0
79,1,21.5,9.75,0.25,1,0,0.0,0,0.0,0,0,1,0,1,0,0,1,0,0
80,1,49.58,19.0,0.0,1,1,1.0,0,0.0,0,0,1,0,1,0,0,1,0,0
81,0,27.67,1.5,2.0,1,0,0.0,0,0.0,0,0,1,0,1,0,0,0,0,1
82,1,39.83,0.5,0.25,1,0,0.0,0,0.0,0,0,1,0,1,0,0,0,0,1
83,0,32.68499807847455,3.5,3.0,1,0,0.0,1,0.0,0,0,1,0,1,0,0,1,0,0
84,1,27.25,0.625,0.455,1,0,0.0,1,0.0,0,0,1,0,1,0,0,1,0,0
85,1,37.17,4.0,5.0,1,0,0.0,1,0.0,0,0,1,0,1,0,0,0,0,1
86,1,29.683816529523785,0.375,0.875,1,0,0.0,1,0.0,0,0,1,0,1,0,0,0,0,1
87,1,25.67,2.21,4.0,1,0,0.0,0,0.0,0,0,0,1,0,0,1,1,0,0
88,1,34.0,4.5,1.0,1,0,0.0,1,0.0,0,0,1,0,1,0,0,1,0,0
89,0,49.0,1.5,0.0,1,0,0.0,1,27.0,0,0,1,0,1,0,0,1,0,0
90,1,62.5,12.75,5.0,1,0,0.0,0,0.0,0,0,0,1,0,0,1,1,0,0
91,1,31.42,15.5,0.5,1,0,0.0,0,0.0,0,0,1,0,1,0,0,1,0,0
92,1,40.452762087523595,5.0,8.5,1,0,0.0,0,0.0,0,0,0,1,0,0,1,1,0,0
93,1,52.33,1.375,9.46,1,0,0.0,1,100.0,0,0,0,1,0,0,1,1,0,0
94,1,28.75,1.5,1.5,1,0,0.0,1,225.0,0,0,0,1,0,0,1,1,0,0
95,0,28.58,3.54,0.5,1,0,0.0,1,0.0,0,0,1,0,1,0,0,1,0,0
96,1,23.0,0.625,0.125,1,0,0.0,0,1.0,0,0,0,1,0,0,1,1,0,0
97,1,29.627323700367064,0.5,0.835,1,0,0.0,1,0.0,0,0,1,0,1,0,0,0,0,1
98,0,22.5,11.0,3.0,1,0,0.0,1,0.0,0,0,0,1,0,0,1,1,0,0
99,0,28.5,1.0,1.0,1,1,2.0,1,500.0,0,0,1,0,1,0,0,1,0,0
100,1,37.5,1.75,0.25,1,0,0.0,1,400.0,0,0,0,1,0,0,1,1,0,0
101,1,35.25,16.5,4.0,1,0,0.0,0,0.0,0,0,0,1,0,0,1,1,0,0
102,1,18.67,5.0,0.375,1,1,2.0,0,38.0,0,0,1,0,1,0,0,1,0,0
103,1,25.0,12.0,2.25,1,1,2.0,1,5.0,0,0,1,0,1,0,0,1,0,0
104,1,27.83,4.0,5.75,1,1,2.0,1,0.0,0,0,0,1,0,0,1,1,0,0
105,1,54.83,15.5,0.0,1,1,20.0,0,130.0,0,0,1,0,1,0,0,1,0,0
106,1,28.75,1.165,0.5,1,0,0.0,0,0.0,0,0,1,0,1,0,0,0,0,1
107,0,25.0,11.0,4.5,1,0,0.0,0,0.0,0,0,0,1,0,0,1,1,0,0
108,1,40.92,2.25,10.0,1,0,0.0,1,0.0,0,0,0,1,0,0,1,1,0,0
109,0,19.75,0.75,0.795,1,1,5.0,1,5.0,0,0,1,0,1,0,0,1,0,0
110,1,29.17,3.5,3.5,1,1,3.0,1,0.0,0,0,1,0,1,0,0,1,0,0
111,0,24.5,1.04,0.5,1,1,3.0,0,147.0,0,0,0,1,0,0,1,1,0,0
112,1,24.58,12.5,0.875,1,0,0.0,1,0.0,0,0,1,0,1,0,0,1,0,0
113,0,33.75,0.75,1.0,1,1,3.0,1,0.0,0,0,1,0,1,0,0,1,0,0
114,1,20.67,1.25,1.375,1,1,3.0,1,210.0,0,0,0,1,0,0,1,1,0,0
115,0,25.42,1.125,1.29,1,1,2.0,0,0.0,0,0,1,0,1,0,0,1,0,0
116,1,37.75,7.0,11.5,1,1,7.0,1,5.0,0,0,1,0,1,0,0,1,0,0
117,1,52.5,6.5,6.29,1,1,15.0,0,11202.0,1,0,1,0,1,0,0,1,0,0
118,1,57.83,7.04,14.0,1,1,6.0,1,1332.0,1,0,1,0,1,0,0,1,0,0
119,0,20.75,10.335,0.335,1,1,1.0,1,50.0,1,0,1,0,1,0,0,1,0,0
120,1,39.92,6.21,0.04,1,1,1.0,0,300.0,1,0,1,0,1,0,0,1,0,0
121,1,25.67,12.5,1.21,1,1,67.0,1,258.0,1,0,1,0,1,0,0,1,0,0
122,0,24.75,12.5,1.5,1,1,12.0,1,567.0,1,0,1,0,1,0,0,1,0,0
123,0,44.17,6.665,7.375,1,1,3.0,1,0.0,1,0,1,0,1,0,0,1,0,0
124,0,23.5,9.0,8.5,1,1,5.0,1,0.0,1,0,1,0,1,0,0,1,0,0
125,1,34.92,5.0,7.5,1,1,6.0,1,1000.0,1,0,1,0,1,0,0,1,0,0
126,1,47.67,2.5,2.5,1,1,12.0,1,2510.0,1,0,1,0,1,0,0,1,0,0
127,1,22.75,11.0,2.5,1,1,7.0,1,809.0,1,0,1,0,1,0,0,1,0,0
128,1,34.42,4.25,3.25,1,1,2.0,0,610.0,1,0,1,0,1,0,0,1,0,0
129,0,28.42,3.5,0.835,1,0,0.0,0,0.0,1,0,1,0,1,0,0,0,0,1
130,1,67.75,5.5,13.0,1,1,1.0,1,0.0,1,0,1,0,1,0,0,1,0,0
131,1,20.42,1.835,2.25,1,1,1.0,0,150.0,1,0,1,0,1,0,0,1,0,0
132,0,47.42,8.0,6.5,1,1,6.0,0,51100.0,1,0,1,0,1,0,0,1,0,0
133,1,36.25,5.0,2.5,1,1,6.0,0,367.0,1,0,1,0,1,0,0,1,0,0
134,1,32.67,5.5,5.5,1,1,12.0,1,1000.0,1,0,1,0,1,0,0,1,0,0
135,1,48.58,6.5,6.0,1,0,0.0,1,0.0,1,0,1,0,1,0,0,1,0,0
136,1,39.92,0.54,0.5,1,1,3.0,0,1000.0,1,0,0,1,0,0,1,1,0,0
137,1,33.58,2.75,4.25,1,1,6.0,0,0.0,1,0,1,0,1,0,0,1,0,0
138,0,18.83,9.5,1.625,1,1,6.0,1,600.0,1,0,1,0,1,0,0,1,0,0
139,0,26.92,13.5,5.0,1,1,2.0,0,5000.0,1,0,1,0,1,0,0,1,0,0
140,0,31.25,3.75,0.625,1,1,9.0,1,0.0,1,0,1,0,1,0,0,1,0,0
141,0,56.5,16.0,0.0,1,1,15.0,0,247.0,1,0,1,0,1,0,0,1,0,0
142,1,43.0,0.29,1.75,1,1,8.0,0,375.0,1,0,0,1,0,0,1,1,0,0
143,1,22.33,11.0,2.0,1,1,1.0,0,278.0,1,0,1,0,1,0,0,1,0,0
144,1,27.25,1.665,5.085,1,1,9.0,0,827.0,1,0,1,0,1,0,0,1,0,0
145,1,32.83,2.5,2.75,1,1,6.0,0,2072.0,1,0,1,0,1,0,0,1,0,0
146,1,23.25,1.5,2.375,1,1,3.0,1,582.0,1,0,1,0,1,0,0,1,0,0
147,0,40.33,7.54,8.0,1,1,14.0,0,2300.0,1,0,0,1,0,0,1,1,0,0
148,0,30.5,6.5,4.0,1,1,7.0,1,3065.0,1,0,1,0,1,0,0,1,0,0
149,0,52.83,15.0,5.5,1,1,14.0,0,2200.0,1,0,1,0,1,0,0,1,0,0
150,0,46.67,0.46,0.415,1,1,11.0,1,6.0,1,0,1,0,1,0,0,1,0,0
151,0,58.33,10.0,4.0,1,1,14.0,0,1602.0,1,0,1,0,1,0,0,1,0,0
152,1,37.33,6.5,4.25,1,1,12.0,1,0.0,1,0,1,0,1,0,0,1,0,0
153,1,23.08,2.5,1.085,1,1,11.0,1,2184.0,1,0,1,0,1,0,0,1,0,0
154,1,32.75,1.5,5.5,1,1,3.0,1,0.0,1,0,1,0,1,0,0,1,0,0
155,0,21.67,11.5,0.0,1,1,11.0,1,0.0,1,0,0,1,0,0,1,1,0,0
156,0,28.5,3.04,2.54,1,1,1.0,0,0.0,1,0,0,1,0,0,1,1,0,0
157,0,68.67,15.0,0.0,1,1,14.0,0,3376.0,1,0,1,0,1,0,0,1,0,0
158,1,28.0,2.0,4.165,1,1,2.0,1,0.0,1,0,1,0,1,0,0,1,0,0
159,1,34.08,0.08,0.04,1,1,1.0,1,2000.0,1,0,0,1,0,0,1,1,0,0
160,1,27.67,2.0,1.0,1,1,4.0,0,7544.0,1,0,1,0,1,0,0,1,0,0
161,1,44.0,2.0,1.75,1,1,2.0,1,15.0,1,0,1,0,1,0,0,1,0,0
162,1,25.08,1.71,1.665,1,1,1.0,1,20.0,1,0,1,0,1,0,0,1,0,0
163,1,32.0,1.75,0.04,1,0,0.0,1,0.0,1,0,0,1,0,0,1,1,0,0
164,0,60.58,16.5,11.0,1,0,0.0,1,10561.0,1,0,1,0,1,0,0,1,0,0
165,0,40.83,10.0,1.75,1,0,0.0,0,837.0,1,0,1,0,1,0,0,1,0,0
166,1,19.33,9.5,1.0,1,0,0.0,1,400.0,1,0,1,0,1,0,0,1,0,0
167,0,32.33,0.54,0.04,1,0,0.0,0,11177.0,1,0,1,0,1,0,0,1,0,0
168,1,36.67,3.25,9.0,1,0,0.0,1,639.0,1,0,1,0,1,0,0,1,0,0
169,1,37.5,1.125,1.5,0,0,0.0,1,0.0,1,0,0,1,0,0,1,1,0,0
170,0,25.08,2.54,0.25,1,0,0.0,1,0.0,1,0,0,1,0,0,1,1,0,0
171,1,41.33,0.0,15.0,1,0,0.0,0,0.0,1,0,1,0,1,0,0,1,0,0
172,1,56.0,12.5,8.0,1,0,0.0,1,2028.0,1,0,1,0,1,0,0,1,0,0
173,0,49.83,13.585,8.5,1,0,0.0,1,0.0,1,0,1,0,1,0,0,1,0,0
174,1,22.67,10.5,1.335,1,0,0.0,0,0.0,1,0,1,0,1,0,0,1,0,0
175,1,27.0,1.5,0.375,1,0,0.0,1,1065.0,1,0,0,1,0,0,1,1,0,0
176,1,25.0,12.5,3.0,1,0,0.0,1,0.0,1,0,1,0,1,0,0,0,0,1
177,0,26.08,8.665,1.415,1,0,0.0,0,150.0,1,0,1,0,1,0,0,1,0,0
178,0,18.42,9.25,1.21,1,1,4.0,0,540.0,1,0,1,0,1,0,0,1,0,0
179,1,20.17,8.17,1.96,1,1,14.0,0,158.0,1,0,1,0,1,0,0,1,0,0
180,1,47.67,0.29,15.0,1,1,20.0,0,15000.0,1,0,1,0,1,0,0,1,0,0
181,0,21.25,2.335,0.5,1,1,4.0,0,0.0,1,0,1,0,1,0,0,0,0,1
182,0,20.67,3.0,0.165,1,1,3.0,0,6.0,1,0,1,0,1,0,0,1,0,0
183,0,57.08,19.5,5.5,1,1,7.0,0,3000.0,1,0,1,0,1,0,0,1,0,0
184,0,22.42,5.665,2.585,1,1,7.0,0,3257.0,1,0,1,0,1,0,0,1,0,0
185,1,48.75,8.5,12.5,1,1,9.0,0,1655.0,1,0,1,0,1,0,0,1,0,0
186,1,40.0,6.5,3.5,1,1,1.0,0,500.0,1,0,1,0,1,0,0,1,0,0
187,1,40.58,5.0,5.0,1,1,7.0,0,3065.0,1,0,1,0,1,0,0,1,0,0
188,0,28.67,1.04,2.5,1,1,5.0,1,1430.0,1,0,1,0,1,0,0,1,0,0
189,0,33.08,4.625,1.625,1,1,2.0,0,0.0,1,0,1,0,1,0,0,1,0,0
190,1,21.33,10.5,3.0,1,0,0.0,1,0.0,1,0,1,0,1,0,0,1,0,0
191,1,42.0,0.205,5.125,1,0,0.0,0,0.0,1,0,1,0,1,0,0,1,0,0
192,1,41.75,0.96,2.5,1,0,0.0,0,600.0,1,0,1,0,1,0,0,1,0,0
193,1,22.67,1.585,3.085,1,1,6.0,0,0.0,1,0,0,1,0,0,1,1,0,0
194,1,34.5,4.04,8.5,1,1,7.0,1,0.0,1,0,0,1,0,0,1,1,0,0
195,1,28.25,5.04,1.5,1,1,8.0,1,7.0,1,0,0,1,0,0,1,1,0,0
196,1,33.17,3.165,3.165,1,1,3.0,1,0.0,1,0,0,1,0,0,1,1,0,0
197,1,48.17,7.625,15.5,1,1,12.0,0,790.0,1,0,1,0,1,0,0,1,0,0
198,1,27.58,2.04,2.0,1,1,3.0,1,560.0,1,0,0,1,0,0,1,1,0,0
199,1,22.58,10.04,0.04,1,1,9.0,0,396.0,1,0,1,0,1,0,0,1,0,0
200,0,24.08,0.5,1.25,1,1,1.0,0,678.0,1,0,1,0,1,0,0,1,0,0
201,0,41.33,1.0,2.25,1,0,0.0,1,300.0,1,0,1,0,1,0,0,1,0,0
202,1,24.83,2.75,2.25,1,1,6.0,0,600.0,1,0,1,0,1,0,0,1,0,0
203,0,20.75,10.25,0.71,1,1,2.0,1,0.0,1,0,1,0,1,0,0,1,0,0
204,1,36.33,2.125,0.085,1,1,1.0,0,1187.0,1,0,0,1,0,0,1,1,0,0
205,0,35.42,12.0,14.0,1,1,8.0,0,6590.0,1,0,1,0,1,0,0,1,0,0
206,0,71.58,0.0,0.0,0,0,0.0,0,0.0,1,0,1,0,1,0,0,0,1,0
207,1,28.67,9.335,5.665,1,1,6.0,0,168.0,1,0,1,0,1,0,0,1,0,0
208,1,35.17,2.5,4.5,1,1,7.0,0,1270.0,1,0,1,0,1,0,0,1,0,0
209,1,39.5,4.25,6.5,1,1,16.0,0,1210.0,1,0,1,0,1,0,0,1,0,0
210,1,39.33,5.875,10.0,1,1,14.0,1,0.0,1,0,1,0,1,0,0,1,0,0
211,1,24.33,6.625,5.5,1,0,0.0,1,0.0,1,0,0,1,0,0,1,0,0,1
212,1,60.08,14.5,18.0,1,1,15.0,1,1000.0,1,0,1,0,1,0,0,1,0,0
213,1,23.08,11.5,3.5,1,1,9.0,0,742.0,1,0,1,0,1,0,0,1,0,0
214,1,26.67,2.71,5.25,1,1,1.0,0,0.0,1,0,0,1,0,0,1,1,0,0
215,1,48.17,3.5,3.5,1,0,0.0,0,0.0,1,0,1,0,1,0,0,0,0,1
216,1,41.17,4.04,7.0,1,1,8.0,0,0.0,1,0,1,0,1,0,0,1,0,0
217,1,55.92,11.5,5.0,1,1,5.0,0,8851.0,1,0,1,0,1,0,0,1,0,0
218,1,53.92,9.625,8.665,1,1,5.0,0,0.0,1,0,1,0,1,0,0,1,0,0
219,0,18.92,9.25,1.0,1,1,4.0,1,500.0,1,0,0,1,0,0,1,1,0,0
220,0,50.08,12.54,2.29,1,1,3.0,1,0.0,1,0,1,0,1,0,0,1,0,0
221,1,65.42,11.0,20.0,1,1,7.0,1,0.0,1,0,1,0,1,0,0,1,0,0
222,0,17.58,9.0,1.375,1,0,0.0,1,0.0,1,0,1,0,1,0,0,1,0,0
223,0,18.83,9.54,0.085,1,0,0.0,0,0.0,1,0,1,0,1,0,0,1,0,0
224,0,37.75,5.5,0.125,1,0,0.0,1,0.0,1,0,1,0,1,0,0,1,0,0
225,1,23.25,4.0,0.25,1,0,0.0,1,0.0,1,0,1,0,1,0,0,1,0,0
226,1,18.08,5.5,0.5,1,0,0.0,0,0.0,1,0,1,0,1,0,0,1,0,0
227,0,22.5,8.46,2.46,0,0,0.0,0,0.0,1,0,0,1,0,0,1,1,0,0
228,1,19.67,0.375,2.0,1,1,2.0,1,0.0,1,0,1,0,1,0,0,1,0,0
229,1,22.08,11.0,0.665,1,0,0.0,0,0.0,1,0,1,0,1,0,0,1,0,0
230,1,25.17,3.5,0.625,1,1,7.0,0,7059.0,1,0,1,0,1,0,0,1,0,0
231,0,47.42,3.0,13.875,1,1,2.0,1,1704.0,1,0,1,0,1,0,0,1,0,0
232,1,33.5,1.75,4.5,1,1,4.0,1,857.0,1,0,1,0,1,0,0,1,0,0
233,1,27.67,13.75,5.75,1,0,0.0,1,500.0,1,0,1,0,1,0,0,1,0,0
234,0,58.42,21.0,10.0,1,1,13.0,0,6700.0,1,0,1,0,1,0,0,1,0,0
235,0,20.67,1.835,2.085,1,1,5.0,0,2503.0,1,0,1,0,1,0,0,1,0,0
236,1,26.17,0.25,0.0,1,0,0.0,1,0.0,1,0,1,0,1,0,0,1,0,0
237,1,21.33,7.5,1.415,1,1,1.0,0,9800.0,1,0,1,0,1,0,0,1,0,0
238,1,42.83,4.625,4.58,1,0,0.0,0,0.0,1,0,1,0,1,0,0,0,0,1
239,1,38.17,10.125,2.5,1,1,6.0,0,196.0,1,0,1,0,1,0,0,1,0,0
240,1,20.5,10.0,2.5,1,0,0.0,0,0.0,1,0,0,1,0,0,1,0,0,1
241,1,48.25,25.085,1.75,1,1,3.0,0,14.0,1,0,1,0,1,0,0,1,0,0
242,1,28.33,5.0,11.0,1,0,0.0,1,0.0,1,0,1,0,1,0,0,1,0,0
243,0,18.75,7.5,2.71,1,1,5.0,0,26726.0,1,0,1,0,1,0,0,1,0,0
244,1,18.5,2.0,1.5,1,1,2.0,0,300.0,1,0,1,0,1,0,0,1,0,0
245,1,33.17,3.04,2.04,1,1,1.0,1,18027.0,1,0,0,1,0,0,1,1,0,0
246,1,45.0,8.5,14.0,1,1,1.0,1,2000.0,1,0,1,0,1,0,0,1,0,0
247,0,19.67,0.21,0.29,1,1,11.0,0,99.0,1,0,1,0,1,0,0,1,0,0
248,0,24.5,12.75,4.75,1,1,2.0,0,444.0,1,0,1,0,1,0,0,1,0,0
249,1,21.83,11.0,0.29,1,1,6.0,0,0.0,1,0,1,0,1,0,0,1,0,0
250,1,40.25,21.5,20.0,1,1,11.0,0,1200.0,1,0,1,0,1,0,0,1,0,0
251,1,41.42,5.0,5.0,1,1,6.0,1,0.0,1,0,1,0,1,0,0,1,0,0
252,0,17.83,11.0,1.0,1,1,11.0,0,3000.0,1,0,1,0,1,0,0,1,0,0
253,1,23.17,11.125,0.46,1,1,1.0,0,0.0,1,0,1,0,1,0,0,1,0,0
254,1,28.80111607395003,0.625,0.25,0,0,0.0,0,2010.0,0,0,1,0,1,0,0,1,0,0
255,1,18.17,10.25,1.085,0,0,0.0,0,13.0,0,0,1,0,1,0,0,1,0,0
256,1,20.0,11.045,2.0,0,0,0.0,1,0.0,0,0,1,0,1,0,0,1,0,0
257,1,20.0,0.0,0.5,0,0,0.0,0,0.0,0,0,1,0,1,0,0,1,0,0
258,0,20.75,9.54,0.04,0,0,0.0,0,1000.0,0,0,1,0,1,0,0,1,0,0
259,0,24.5,1.75,0.165,0,0,0.0,0,0.0,0,0,0,1,0,0,1,1,0,0
260,1,32.75,2.335,5.75,0,0,0.0,1,0.0,0,0,1,0,1,0,0,1,0,0
261,0,52.17,0.0,0.0,0,0,0.0,0,0.0,0,0,0,1,0,0,1,1,0,0
262,0,48.17,1.335,0.335,0,0,0.0,0,120.0,0,0,1,0,1,0,0,1,0,0
263,0,20.42,10.5,0.0,0,0,0.0,1,32.0,0,0,0,1,0,0,1,1,0,0
264,1,50.75,0.585,0.0,0,0,0.0,0,0.0,0,0,1,0,1,0,0,1,0,0
265,1,17.08,0.085,0.04,0,0,0.0,0,722.0,0,0,0,1,0,0,1,1,0,0
266,1,18.33,1.21,0.0,0,0,0.0,0,0.0,0,0,0,1,0,0,1,1,0,0
267,0,32.0,6.0,1.25,0,0,0.0,0,0.0,0,0,1,0,1,0,0,1,0,0
268,1,59.67,1.54,0.125,1,0,0.0,1,0.0,1,0,1,0,1,0,0,1,0,0
269,1,18.0,0.165,0.21,0,0,0.0,0,40.0,1,0,1,0,1,0,0,1,0,0
270,1,37.58,0.0,0.0,0,0,0.0,0,0.0,1,0,1,0,1,0,0,0,1,0
271,1,32.33,2.5,1.25,0,0,0.0,1,0.0,0,0,1,0,1,0,0,1,0,0
272,1,18.08,6.75,0.04,0,0,0.0,0,0.0,0,0,0,1,0,0,1,1,0,0
273,1,38.25,10.125,0.125,0,0,0.0,0,0.0,0,0,0,1,0,0,1,1,0,0
274,1,30.67,2.5,2.25,0,0,0.0,1,0.0,0,0,1,0,1,0,0,0,0,1
275,1,18.58,5.71,0.54,0,0,0.0,0,0.0,0,0,1,0,1,0,0,1,0,0
276,0,19.17,5.415,0.29,0,0,0.0,0,484.0,0,0,1,0,1,0,0,1,0,0
277,0,18.17,10.0,0.165,0,0,0.0,0,0.0,0,0,0,1,0,0,1,1,0,0
278,1,24.58,13.5,0.0,0,0,0.0,0,0.0,0,0,0,1,0,0,1,1,0,0
279,1,16.25,0.835,0.085,1,0,0.0,0,0.0,0,0,1,0,1,0,0,0,0,1
280,1,21.17,0.875,0.25,0,0,0.0,0,204.0,0,0,0,1,0,0,1,1,0,0
281,1,23.92,0.585,0.125,0,0,0.0,0,1.0,0,0,0,1,0,0,1,1,0,0
282,1,17.67,4.46,0.25,0,0,0.0,0,0.0,0,0,1,0,1,0,0,0,0,1
283,0,16.5,1.25,0.25,0,1,1.0,0,98.0,0,0,1,0,1,0,0,1,0,0
284,1,23.25,12.625,0.125,0,1,2.0,0,5552.0,0,0,1,0,1,0,0,1,0,0
285,1,17.58,10.0,0.165,0,1,1.0,0,1.0,0,0,1,0,1,0,0,1,0,0
286,0,28.44803589172053,1.5,0.0,0,1,2.0,1,105.0,0,0,1,0,1,0,0,1,0,0
287,1,29.5,0.58,0.29,0,1,1.0,0,2803.0,0,0,1,0,1,0,0,1,0,0
288,1,18.83,0.415,0.165,0,1,1.0,0,1.0,0,0,0,1,0,0,1,1,0,0
289,0,21.75,1.75,0.0,0,0,0.0,0,0.0,0,0,0,1,0,0,1,1,0,0
290,1,23.0,0.75,0.5,0,0,0.0,1,0.0,0,0,1,0,1,0,0,0,0,1
291,0,18.25,10.0,1.0,0,1,1.0,0,1.0,0,0,1,0,1,0,0,1,0,0
292,1,25.42,0.54,0.165,0,1,1.0,0,444.0,0,0,1,0,1,0,0,1,0,0
293,1,35.75,2.415,0.125,0,1,2.0,0,1.0,0,0,1,0,1,0,0,1,0,0
294,0,16.08,0.335,0.0,0,1,1.0,0,126.0,0,0,1,0,1,0,0,1,0,0
295,0,31.92,3.125,3.04,0,1,2.0,1,4.0,0,0,1,0,1,0,0,1,0,0
296,1,69.17,9.0,4.0,0,1,1.0,0,6.0,0,0,1,0,1,0,0,1,0,0
297,1,32.92,2.5,1.75,0,1,2.0,1,0.0,0,0,1,0,1,0,0,1,0,0
298,1,16.33,2.75,0.665,0,1,1.0,0,21.0,0,0,1,0,1,0,0,1,0,0
299,1,22.17,12.125,3.335,0,1,2.0,1,173.0,0,0,1,0,1,0,0,1,0,0
300,0,57.58,2.0,6.5,0,1,1.0,0,10.0,0,0,1,0,1,0,0,1,0,0
301,1,18.25,0.165,0.25,0,0,0.0,1,0.0,0,0,1,0,1,0,0,0,0,1
302,1,23.42,1.0,0.5,0,0,0.0,1,0.0,0,0,1,0,1,0,0,0,0,1
303,0,15.92,2.875,0.085,0,0,0.0,0,0.0,0,0,1,0,1,0,0,1,0,0
304,0,24.75,13.665,1.5,0,0,0.0,0,1.0,0,0,1,0,1,0,0,1,0,0
305,1,48.75,26.335,0.0,1,0,0.0,1,0.0,0,0,0,1,0,0,1,1,0,0
306,1,23.5,2.75,4.5,0,0,0.0,0,25.0,0,0,1,0,1,0,0,1,0,0
307,1,18.58,10.29,0.415,0,0,0.0,0,0.0,0,0,1,0,1,0,0,1,0,0
308,1,27.75,1.29,0.25,0,0,0.0,1,0.0,0,0,1,0,1,0,0,0,0,1
309,0,31.75,3.0,0.0,0,0,0.0,0,20.0,0,0,0,1,0,0,1,1,0,0
310,0,24.83,4.5,1.0,0,0,0.0,1,6.0,0,0,1,0,1,0,0,1,0,0
311,1,19.0,1.75,2.335,0,0,0.0,1,6.0,0,0,0,1,0,0,1,1,0,0
312,0,16.33,0.21,0.125,0,0,0.0,0,1.0,0,0,1,0,1,0,0,1,0,0
313,0,18.58,10.0,0.415,0,0,0.0,0,42.0,0,0,1,0,1,0,0,1,0,0
314,1,16.25,0.0,0.25,0,0,0.0,0,0.0,0,0,0,1,0,0,1,1,0,0
315,1,23.0,0.75,0.5,1,0,0.0,1,0.0,0,0,1,0,1,0,0,0,0,1
316,1,21.17,0.25,0.25,0,0,0.0,0,204.0,0,0,0,1,0,0,1,1,0,0
317,1,17.5,22.0,0.0,0,0,0.0,1,100000.0,1,1,0,0,0,1,0,0,1,0
318,1,19.17,0.0,0.0,0,0,0.0,1,1.0,1,0,0,1,0,0,1,0,0,1
319,1,36.75,0.125,1.5,0,0,0.0,1,113.0,1,0,0,1,0,0,1,1,0,0
320,1,21.25,1.5,1.5,0,0,0.0,0,8.0,1,0,1,0,1,0,0,1,0,0
321,0,18.08,0.375,10.0,0,0,0.0,1,0.0,1,1,0,0,0,1,0,0,0,1
322,0,33.67,0.375,0.375,0,0,0.0,0,44.0,1,0,1,0,1,0,0,1,0,0
323,1,48.58,0.205,0.25,1,1,11.0,0,2732.0,1,0,0,1,0,0,1,1,0,0
324,1,33.67,1.25,1.165,0,0,0.0,0,0.0,0,0,1,0,1,0,0,1,0,0
325,0,29.5,1.085,1.0,0,0,0.0,0,13.0,0,0,0,1,0,0,1,1,0,0
326,1,30.17,1.085,0.04,0,0,0.0,0,179.0,0,0,0,1,0,0,1,1,0,0
327,0,40.83,3.5,0.5,0,0,0.0,0,0.0,0,0,1,0,1,0,0,0,0,1
328,1,34.83,2.5,3.0,0,0,0.0,0,0.0,0,0,0,1,0,0,1,0,0,1
329,1,28.56808315367856,4.0,0.085,0,0,0.0,1,0.0,0,0,0,1,0,0,1,1,0,0
330,1,20.42,0.0,0.0,0,0,0.0,0,0.0,0,0,1,0,1,0,0,0,1,0
331,0,33.25,2.5,2.5,0,0,0.0,1,2.0,0,0,0,1,0,0,1,1,0,0
332,1,34.08,2.5,1.0,0,0,0.0,0,16.0,0,0,1,0,1,0,0,1,0,0
333,0,25.25,12.5,1.0,0,0,0.0,1,1062.0,0,0,1,0,1,0,0,1,0,0
334,1,34.75,2.5,0.5,0,0,0.0,0,0.0,0,0,1,0,1,0,0,1,0,0
335,1,27.67,0.75,0.165,0,0,0.0,1,251.0,0,0,1,0,1,0,0,1,0,0
336,1,47.33,6.5,1.0,0,0,0.0,1,228.0,0,0,1,0,1,0,0,1,0,0
337,0,34.83,1.25,0.5,0,0,0.0,1,0.0,0,0,0,1,0,0,1,1,0,0
338,0,33.25,3.0,2.0,0,0,0.0,0,0.0,0,0,0,1,0,0,1,1,0,0
339,1,28.0,3.0,0.75,0,0,0.0,1,67.0,0,0,1,0,1,0,0,1,0,0
340,0,39.08,4.0,3.0,0,0,0.0,0,0.0,0,0,1,0,1,0,0,1,0,0
341,1,42.75,4.085,0.04,0,0,0.0,0,100.0,0,0,1,0,1,0,0,1,0,0
342,1,26.92,2.25,0.5,0,0,0.0,1,4000.0,0,0,1,0,1,0,0,1,0,0
343,1,33.75,2.75,0.0,0,0,0.0,0,0.0,0,0,1,0,1,0,0,1,0,0
344,1,38.92,1.75,0.5,0,0,0.0,1,2.0,0,0,1,0,1,0,0,1,0,0
345,1,62.75,7.0,0.0,0,0,0.0,0,12.0,0,0,1,0,1,0,0,1,0,0
346,0,32.25,1.5,0.25,0,0,0.0,1,122.0,0,0,1,0,1,0,0,1,0,0
347,1,26.75,4.5,2.5,0,0,0.0,0,1210.0,0,0,0,1,0,0,1,1,0,0
348,1,63.33,0.54,0.585,1,1,3.0,1,0.0,0,0,1,0,1,0,0,1,0,0
349,1,27.83,1.5,2.25,0,1,1.0,1,3.0,0,0,1,0,1,0,0,1,0,0
350,0,26.17,2.0,0.0,0,0,0.0,1,1.0,0,0,1,0,1,0,0,1,0,0
351,1,22.17,0.585,0.0,0,0,0.0,0,0.0,0,0,0,1,0,0,1,1,0,0
352,1,22.5,11.5,1.5,0,0,0.0,1,4000.0,0,0,0,1,0,0,1,1,0,0
353,1,30.75,1.585,0.585,0,0,0.0,1,0.0,0,0,1,0,1,0,0,0,0,1
354,1,36.67,2.0,0.25,0,0,0.0,1,0.0,0,0,1,0,1,0,0,1,0,0
355,0,16.0,0.165,1.0,0,1,2.0,1,1.0,0,0,1,0,1,0,0,1,0,0
356,1,41.17,1.335,0.165,0,0,0.0,0,0.0,0,0,1,0,1,0,0,1,0,0
357,0,19.5,0.165,0.04,0,0,0.0,1,0.0,0,0,1,0,1,0,0,1,0,0
358,1,32.42,3.0,0.165,0,0,0.0,1,0.0,0,0,1,0,1,0,0,1,0,0
359,0,36.75,4.71,0.0,0,0,0.0,0,0.0,0,0,1,0,1,0,0,1,0,0
360,0,30.25,5.5,5.5,0,0,0.0,1,0.0,0,0,1,0,1,0,0,0,0,1
361,1,23.08,2.5,0.085,0,0,0.0,1,4208.0,0,0,1,0,1,0,0,1,0,0
362,1,26.83,0.54,0.0,0,0,0.0,0,0.0,0,0,1,0,1,0,0,1,0,0
363,1,16.92,0.335,0.29,0,0,0.0,0,0.0,0,0,0,1,0,0,1,0,0,1
364,1,24.42,2.0,0.165,0,1,2.0,0,1300.0,0,0,1,0,1,0,0,1,0,0
365,1,42.83,1.25,13.875,0,1,1.0,1,112.0,0,0,1,0,1,0,0,1,0,0
366,0,22.75,6.165,0.165,0,0,0.0,0,1000.0,0,0,1,0,1,0,0,1,0,0
367,1,39.42,1.71,0.165,0,0,0.0,0,0.0,0,0,0,1,0,0,1,0,0,1
368,0,23.58,11.5,3.0,0,0,0.0,1,16.0,0,0,0,1,0,0,1,1,0,0
369,1,21.42,0.75,0.75,0,0,0.0,1,2.0,0,0,0,1,0,0,1,1,0,0
370,1,33.0,2.5,7.0,0,0,0.0,1,0.0,0,0,0,1,0,0,1,1,0,0
371,1,26.33,13.0,0.0,0,0,0.0,1,1110.0,0,0,1,0,1,0,0,1,0,0
372,0,45.0,4.585,1.0,0,0,0.0,1,0.0,0,0,1,0,1,0,0,0,0,1
373,1,26.25,1.54,0.125,0,0,0.0,0,0.0,0,0,1,0,1,0,0,1,0,0
374,0,28.17,0.585,0.04,0,0,0.0,0,1004.0,0,0,1,0,1,0,0,1,0,0
375,0,20.83,0.5,1.0,0,0,0.0,0,0.0,0,0,0,1,0,0,1,1,0,0
376,1,28.67,14.5,0.125,0,0,0.0,0,286.0,0,0,1,0,1,0,0,1,0,0
377,1,20.67,0.835,2.0,0,0,0.0,1,0.0,0,0,0,1,0,0,1,0,0,1
378,1,34.42,1.335,0.125,0,0,0.0,1,4500.0,0,0,1,0,1,0,0,1,0,0
379,1,33.58,0.25,4.0,0,0,0.0,1,0.0,0,0,1,0,1,0,0,0,0,1
380,1,43.17,5.0,2.25,0,0,0.0,1,0.0,0,0,1,0,1,0,0,1,0,0
381,0,22.67,7.0,0.165,0,0,0.0,0,0.0,0,0,1,0,1,0,0,1,0,0
382,0,24.33,2.5,4.5,0,0,0.0,0,456.0,0,0,0,1,0,0,1,1,0,0
383,0,56.83,4.25,5.0,0,0,0.0,1,4.0,0,0,0,1,0,0,1,1,0,0
384,1,22.08,11.46,1.585,0,0,0.0,1,1212.0,0,0,1,0,1,0,0,1,0,0
385,1,34.0,5.5,1.5,0,0,0.0,1,0.0,0,0,0,1,0,0,1,1,0,0
386,1,22.58,1.5,0.54,0,0,0.0,1,67.0,0,0,0,1,0,0,1,1,0,0
387,1,21.17,0.0,0.5,0,0,0.0,1,0.0,0,0,1,0,1,0,0,0,0,1
388,1,26.67,14.585,0.0,0,0,0.0,1,0.0,0,0,1,0,1,0,0,1,0,0
389,1,22.92,0.17,0.085,0,0,0.0,0,0.0,0,0,1,0,1,0,0,0,0,1
390,1,15.17,7.0,1.0,0,0,0.0,0,0.0,0,0,1,0,1,0,0,1,0,0
391,1,39.92,5.0,0.21,0,0,0.0,0,0.0,0,0,1,0,1,0,0,1,0,0
392,1,27.42,12.5,0.25,0,0,0.0,1,0.0,0,0,1,0,1,0,0,1,0,0
393,1,24.75,0.54,1.0,0,0,0.0,1,1.0,0,0,1,0,1,0,0,1,0,0
394,1,41.17,1.25,0.25,0,0,0.0,0,195.0,0,0,0,1,0,0,1,1,0,0
395,0,33.08,1.625,0.54,0,0,0.0,1,0.0,0,0,1,0,1,0,0,1,0,0
396,1,29.83,2.04,0.04,0,0,0.0,0,1.0,0,0,0,1,0,0,1,1,0,0
397,0,23.58,0.585,0.125,0,0,0.0,0,87.0,0,0,0,1,0,0,1,1,0,0
398,1,26.17,12.5,1.25,0,0,0.0,1,17.0,0,0,0,1,0,0,1,1,0,0
399,1,31.0,2.085,0.085,0,0,0.0,0,0.0,0,0,1,0,1,0,0,1,0,0
400,1,20.75,5.085,0.29,0,0,0.0,0,184.0,0,0,0,1,0,0,1,1,0,0
401,1,28.92,0.375,0.29,0,0,0.0,0,140.0,0,0,1,0,1,0,0,1,0,0
402,0,51.92,6.5,3.085,0,0,0.0,1,0.0,0,0,1,0,1,0,0,1,0,0
403,0,22.67,0.335,0.75,0,0,0.0,0,0.0,0,0,1,0,1,0,0,0,0,1
404,1,34.0,5.085,1.085,0,0,0.0,1,0.0,0,0,0,1,0,0,1,1,0,0
405,0,69.5,6.0,0.0,0,0,0.0,0,0.0,0,0,1,0,1,0,0,0,0,1
406,0,40.33,8.125,0.165,0,1,2.0,0,18.0,0,0,0,1,0,0,1,1,0,0
407,0,19.58,0.665,1.0,0,1,1.0,0,2.0,0,0,0,1,0,0,1,1,0,0
408,1,16.0,3.125,0.085,0,1,1.0,0,6.0,0,0,1,0,1,0,0,1,0,0
409,1,17.08,0.25,0.335,0,1,4.0,0,8.0,0,0,1,0,1,0,0,1,0,0
410,1,31.25,2.835,0.0,0,1,5.0,0,146.0,0,0,1,0,1,0,0,1,0,0
411,1,25.17,3.0,1.25,0,1,1.0,0,22.0,0,0,1,0,1,0,0,1,0,0
412,0,22.67,0.79,0.085,0,0,0.0,0,0.0,0,0,1,0,1,0,0,1,0,0
413,1,40.58,1.5,0.0,0,0,0.0,0,0.0,0,0,1,0,1,0,0,0,0,1
414,1,22.25,0.46,0.125,0,0,0.0,1,55.0,0,0,1,0,1,0,0,1,0,0
415,0,22.25,1.25,3.25,0,0,0.0,0,0.0,0,0,0,1,0,0,1,1,0,0
416,1,22.5,0.125,0.125,0,0,0.0,0,70.0,0,0,0,1,0,0,1,1,0,0
417,1,23.58,1.79,0.54,0,0,0.0,1,1.0,0,0,1,0,1,0,0,1,0,0
418,1,38.42,0.705,0.375,0,1,2.0,0,500.0,0,0,1,0,1,0,0,1,0,0
419,0,26.58,2.54,0.0,0,0,0.0,1,60.0,0,0,0,1,0,0,1,1,0,0
420,1,35.0,2.5,1.0,0,0,0.0,1,0.0,0,0,1,0,1,0,0,1,0,0
421,1,20.42,1.085,1.5,0,0,0.0,0,7.0,0,0,1,0,1,0,0,1,0,0
422,1,29.42,1.25,1.75,0,0,0.0,0,0.0,0,0,1,0,1,0,0,1,0,0
423,1,26.17,0.835,1.165,0,0,0.0,0,0.0,0,0,1,0,1,0,0,1,0,0
424,1,33.67,2.165,1.5,0,0,0.0,0,0.0,0,0,1,0,1,0,0,0,1,0
425,1,24.58,1.25,0.25,0,0,0.0,0,0.0,0,0,1,0,1,0,0,1,0,0
426,0,27.67,2.04,0.25,0,0,0.0,1,50.0,0,0,1,0,1,0,0,1,0,0
427,1,37.5,0.835,0.04,0,0,0.0,0,5.0,0,0,1,0,1,0,0,1,0,0
428,1,49.17,2.29,0.29,0,0,0.0,0,3.0,0,0,1,0,1,0,0,1,0,0
429,1,33.58,0.335,0.085,0,0,0.0,0,0.0,0,0,0,1,0,0,1,1,0,0
430,1,51.83,3.0,1.5,0,0,0.0,0,4.0,0,0,0,1,0,0,1,1,0,0
431,1,22.92,3.165,0.165,0,0,0.0,0,1058.0,0,0,0,1,0,0,1,1,0,0
432,1,21.83,1.54,0.085,0,0,0.0,1,0.0,0,0,1,0,1,0,0,1,0,0
433,1,25.25,1.0,0.5,0,0,0.0,0,0.0,0,0,1,0,1,0,0,1,0,0
434,1,58.58,2.71,2.415,0,0,0.0,1,0.0,0,0,1,0,1,0,0,1,0,0
435,1,19.0,0.0,0.0,0,1,4.0,0,1.0,0,0,0,1,0,0,1,1,0,0
436,1,19.58,0.585,0.0,0,1,3.0,0,769.0,0,0,1,0,1,0,0,1,0,0
437,0,53.33,0.165,0.0,0,0,0.0,1,27.0,0,0,1,0,1,0,0,0,0,1
438,0,27.17,1.25,0.0,0,1,1.0,0,300.0,0,0,1,0,1,0,0,1,0,0
439,1,25.92,0.875,0.375,0,1,2.0,1,3.0,0,0,1,0,1,0,0,1,0,0
440,1,23.08,0.0,1.0,0,1,11.0,0,0.0,0,0,1,0,1,0,0,0,0,1
441,1,39.58,5.0,0.0,0,1,2.0,0,1.0,0,0,1,0,1,0,0,1,0,0
442,1,30.58,2.71,0.125,0,0,0.0,1,0.0,0,0,0,1,0,0,1,0,0,1
443,1,17.25,3.0,0.04,0,0,0.0,1,40.0,0,0,1,0,1,0,0,1,0,0
444,0,17.67,0.0,0.0,0,0,0.0,0,0.0,0,0,0,1,0,0,1,1,0,0
445,0,28.44803589172053,11.25,0.0,0,0,0.0,0,5200.0,0,0,1,0,1,0,0,1,0,0
446,1,16.5,0.125,0.165,0,0,0.0,0,0.0,0,0,1,0,1,0,0,1,0,0
447,0,27.33,1.665,0.0,0,0,0.0,0,1.0,0,0,1,0,1,0,0,1,0,0
448,1,31.25,1.125,0.0,0,1,1.0,0,19.0,0,0,1,0,1,0,0,1,0,0
449,1,20.0,7.0,0.5,0,0,0.0,0,0.0,0,0,1,0,1,0,0,1,0,0
450,1,38.33428099414658,3.0,7.0,0,0,0.0,0,1.0,0,0,0,1,0,0,1,1,0,0
451,1,39.5,1.625,1.5,0,0,0.0,0,316.0,0,0,1,0,1,0,0,1,0,0
452,1,36.5,4.25,3.5,0,0,0.0,0,50.0,0,0,1,0,1,0,0,1,0,0
453,0,29.75,0.665,0.25,0,0,0.0,1,0.0,0,0,1,0,1,0,0,1,0,0
454,1,52.42,1.5,3.75,0,0,0.0,1,350.0,0,0,1,0,1,0,0,1,0,0
455,1,36.17,18.125,0.085,0,0,0.0,0,3552.0,0,0,1,0,1,0,0,1,0,0
456,1,34.58,0.0,0.0,0,0,0.0,0,0.0,0,0,1,0,1,0,0,0,1,0
457,1,29.67,0.75,0.04,0,0,0.0,0,0.0,0,0,0,1,0,0,1,1,0,0
458,1,36.17,5.5,5.0,0,0,0.0,0,687.0,0,0,1,0,1,0,0,1,0,0
459,1,25.67,0.29,1.5,0,0,0.0,1,0.0,0,0,0,1,0,0,1,1,0,0
460,0,24.5,2.415,0.0,0,0,0.0,0,0.0,0,0,0,1,0,0,1,1,0,0
461,1,24.08,0.875,0.085,0,1,4.0,0,1950.0,0,0,1,0,1,0,0,1,0,0
462,1,21.92,0.5,0.125,0,0,0.0,0,0.0,0,0,1,0,1,0,0,1,0,0
463,0,36.58,0.29,0.0,0,1,10.0,0,18.0,0,0,1,0,1,0,0,1,0,0
464,0,23.0,1.835,0.0,0,1,1.0,0,53.0,0,0,1,0,1,0,0,1,0,0
465,0,27.58,3.0,2.79,0,1,1.0,1,10.0,0,0,1,0,1,0,0,1,0,0
466,1,31.08,3.085,2.5,0,1,2.0,1,41.0,0,0,1,0,1,0,0,1,0,0
467,0,30.42,1.375,0.04,0,1,3.0,0,33.0,0,0,1,0,1,0,0,1,0,0
468,1,22.08,2.335,0.75,0,0,0.0,0,0.0,0,0,1,0,1,0,0,1,0,0
469,1,16.33,4.085,0.415,0,0,0.0,1,0.0,0,0,1,0,1,0,0,1,0,0
470,0,21.92,11.665,0.085,0,0,0.0,0,5.0,0,0,1,0,1,0,0,1,0,0
471,1,21.08,4.125,0.04,0,0,0.0,0,100.0,0,0,0,1,0,0,1,1,0,0
472,1,17.42,6.5,0.125,0,0,0.0,0,100.0,0,0,1,0,1,0,0,1,0,0
473,1,19.17,4.0,1.0,0,0,0.0,1,1000.0,0,0,0,1,0,0,1,1,0,0
474,1,20.67,0.415,0.125,0,0,0.0,0,44.0,0,0,1,0,1,0,0,1,0,0
475,1,26.75,2.0,0.75,0,0,0.0,1,0.0,0,0,1,0,1,0,0,1,0,0
476,1,23.58,0.835,0.085,0,0,0.0,1,5.0,0,0,1,0,1,0,0,1,0,0
477,1,39.17,2.5,10.0,0,0,0.0,1,0.0,0,0,0,1,0,0,1,0,0,1
478,1,22.75,11.5,0.415,0,0,0.0,0,0.0,0,0,1,0,1,0,0,1,0,0
479,0,26.5,2.71,0.085,0,0,0.0,0,0.0,0,0,0,1,0,0,1,0,0,1
480,0,16.92,0.5,0.165,0,1,6.0,1,35.0,0,0,1,0,1,0,0,1,0,0
481,1,23.5,3.165,0.415,0,1,1.0,1,80.0,0,0,0,1,0,0,1,1,0,0
482,0,17.33,9.5,1.75,0,1,10.0,1,10.0,0,0,1,0,1,0,0,1,0,0
483,1,23.75,0.415,0.04,0,1,2.0,0,6.0,0,0,0,1,0,0,1,1,0,0
484,1,34.67,1.08,1.165,0,0,0.0,0,0.0,0,0,1,0,1,0,0,0,0,1
485,1,74.83,19.0,0.04,0,1,2.0,0,351.0,0,0,0,1,0,0,1,1,0,0
486,1,28.17,0.125,0.085,0,0,0.0,0,2100.0,0,0,0,1,0,0,1,1,0,0
487,1,24.5,13.335,0.04,0,0,0.0,1,475.0,0,0,0,1,0,0,1,1,0,0
488,1,18.83,3.54,0.0,0,0,0.0,1,1.0,0,0,0,1,0,0,1,1,0,0
489,0,45.33,1.0,0.125,0,0,0.0,1,0.0,0,0,1,0,1,0,0,1,0,0
492,0,47.25,0.75,2.75,1,1,1.0,0,892.0,1,0,1,0,1,0,0,1,0,0
493,1,24.17,0.875,4.625,1,1,2.0,1,2000.0,1,0,1,0,1,0,0,1,0,0
494,1,39.25,9.5,6.5,1,1,14.0,0,4607.0,1,0,1,0,1,0,0,1,0,0
495,0,20.5,11.835,6.0,1,0,0.0,0,0.0,1,0,1,0,1,0,0,1,0,0
496,0,18.83,4.415,3.0,1,0,0.0,0,0.0,1,0,0,1,0,0,1,1,0,0
497,1,19.17,9.5,1.5,1,0,0.0,0,2206.0,1,0,1,0,1,0,0,1,0,0
498,0,25.0,0.875,1.04,1,0,0.0,1,5860.0,1,0,1,0,1,0,0,1,0,0
499,1,20.17,9.25,1.665,1,1,3.0,1,28.0,1,0,1,0,1,0,0,1,0,0
500,1,25.75,0.5,1.46,1,1,5.0,1,0.0,1,0,1,0,1,0,0,1,0,0
501,1,20.42,7.0,1.625,1,1,3.0,0,1391.0,1,0,1,0,1,0,0,1,0,0
502,1,35.509639536310566,4.0,5.0,1,1,3.0,1,2279.0,1,0,1,0,1,0,0,1,0,0
503,1,39.0,5.0,3.5,1,1,10.0,1,0.0,1,0,1,0,1,0,0,1,0,0
504,0,64.08,0.165,0.0,1,1,1.0,0,100.0,1,0,1,0,1,0,0,1,0,0
505,1,28.25,5.125,4.75,1,1,2.0,0,7.0,1,0,1,0,1,0,0,1,0,0
506,0,28.75,3.75,1.085,1,1,1.0,1,0.0,1,0,1,0,1,0,0,1,0,0
507,1,31.33,19.5,7.0,1,1,16.0,0,5000.0,1,0,1,0,1,0,0,1,0,0
508,0,18.92,9.0,0.75,1,1,2.0,0,591.0,1,0,1,0,1,0,0,1,0,0
509,0,24.75,3.0,1.835,1,1,19.0,0,500.0,1,0,1,0,1,0,0,1,0,0
510,0,30.67,12.0,2.0,1,1,1.0,0,19.0,1,0,1,0,1,0,0,1,0,0
511,1,21.0,4.79,2.25,1,1,1.0,1,300.0,1,0,0,1,0,0,1,1,0,0
512,1,13.75,4.0,1.75,1,1,2.0,1,1000.0,1,0,0,1,0,0,1,1,0,0
513,0,46.0,4.0,0.0,1,0,0.0,0,960.0,1,0,1,0,1,0,0,1,0,0
514,0,44.33,0.0,2.5,1,0,0.0,0,0.0,1,0,1,0,1,0,0,1,0,0
515,1,20.25,9.96,0.0,1,0,0.0,0,0.0,1,0,1,0,1,0,0,1,0,0
516,1,22.67,2.54,2.585,1,0,0.0,0,0.0,1,0,0,1,0,0,1,1,0,0
517,1,37.62812062968758,10.5,6.5,1,0,0.0,0,0.0,1,0,1,0,1,0,0,1,0,0
518,0,60.92,5.0,4.0,1,1,4.0,0,99.0,1,0,1,0,1,0,0,1,0,0
519,1,16.08,0.75,1.75,1,1,5.0,1,690.0,1,0,1,0,1,0,0,1,0,0
520,0,28.17,0.375,0.585,1,1,4.0,0,0.0,1,0,1,0,1,0,0,1,0,0
521,1,39.17,1.71,0.125,1,1,5.0,1,0.0,1,0,1,0,1,0,0,1,0,0
522,0,20.42,7.5,1.5,1,1,1.0,0,234.0,1,0,1,0,1,0,0,1,0,0
523,0,30.0,5.29,2.25,1,1,5.0,1,500.0,1,0,1,0,1,0,0,1,0,0
524,1,22.83,3.0,1.29,1,1,1.0,0,800.0,1,0,1,0,1,0,0,1,0,0
525,0,22.5,8.5,1.75,1,1,10.0,0,990.0,0,0,1,0,1,0,0,1,0,0
526,0,28.58,1.665,2.415,1,0,0.0,1,0.0,0,0,1,0,1,0,0,1,0,0
527,1,45.17,1.5,2.5,1,0,0.0,1,0.0,0,0,1,0,1,0,0,1,0,0
528,1,41.58,1.75,0.21,1,0,0.0,0,0.0,0,0,1,0,1,0,0,1,0,0
529,0,57.08,0.335,1.0,1,0,0.0,1,2197.0,0,0,1,0,1,0,0,1,0,0
530,0,55.75,7.08,6.75,1,1,3.0,1,50.0,0,0,1,0,1,0,0,1,0,0
531,1,43.25,25.21,0.21,1,1,1.0,0,90.0,0,0,1,0,1,0,0,1,0,0
532,0,25.33,2.085,2.75,1,0,0.0,1,1.0,0,0,1,0,1,0,0,1,0,0
533,0,24.58,0.67,1.75,1,0,0.0,0,0.0,0,0,1,0,1,0,0,1,0,0
534,1,43.17,2.25,0.75,1,0,0.0,0,0.0,0,0,1,0,1,0,0,1,0,0
535,1,40.92,0.835,0.0,1,0,0.0,0,1.0,0,0,1,0,1,0,0,1,0,0
536,1,31.83,2.5,7.5,1,0,0.0,1,0.0,0,0,1,0,1,0,0,1,0,0
537,0,33.92,1.585,0.0,1,0,0.0,0,0.0,0,0,0,1,0,0,1,1,0,0
538,0,24.92,1.25,0.0,1,0,0.0,0,0.0,0,0,1,0,1,0,0,1,0,0
539,1,35.25,3.165,3.75,1,0,0.0,1,0.0,0,0,1,0,1,0,0,1,0,0
540,1,34.25,1.75,0.25,1,0,0.0,1,0.0,0,0,1,0,1,0,0,1,0,0
541,1,80.25,5.5,0.54,1,0,0.0,0,340.0,0,0,1,0,1,0,0,1,0,0
542,1,19.42,1.5,2.0,1,0,0.0,1,20.0,0,0,0,1,0,0,1,1,0,0
543,1,42.75,3.0,1.0,1,0,0.0,0,200.0,0,0,1,0,1,0,0,1,0,0
544,1,19.67,10.0,0.835,1,0,0.0,1,0.0,0,0,0,1,0,0,1,1,0,0
545,1,36.33,3.79,1.165,1,0,0.0,1,0.0,0,0,1,0,1,0,0,1,0,0
546,1,30.08,1.04,0.5,1,1,10.0,1,28.0,0,0,0,1,0,0,1,1,0,0
547,1,44.25,11.0,1.5,1,0,0.0,0,0.0,0,0,0,1,0,0,1,0,0,1
548,1,23.58,0.46,2.625,1,1,6.0,1,347.0,0,0,0,1,0,0,1,1,0,0
549,1,23.92,1.5,1.875,1,1,6.0,0,327.0,1,0,1,0,1,0,0,1,0,0
550,1,33.17,1.0,0.75,1,1,7.0,1,4071.0,1,0,1,0,1,0,0,1,0,0
551,1,48.33,12.0,16.0,1,0,0.0,0,0.0,1,0,1,0,1,0,0,0,0,1
552,1,76.75,22.29,12.75,1,1,1.0,1,109.0,1,0,1,0,1,0,0,1,0,0
553,1,51.33,10.0,0.0,1,1,11.0,0,1249.0,1,0,1,0,1,0,0,1,0,0
554,1,34.75,15.0,5.375,1,1,9.0,1,134.0,1,0,1,0,1,0,0,1,0,0
555,1,38.58,3.335,4.0,1,1,14.0,0,1344.0,1,0,1,0,1,0,0,1,0,0
556,0,22.42,11.25,0.75,1,1,4.0,0,321.0,1,0,0,1,0,0,1,1,0,0
557,1,41.92,0.42,0.21,1,1,6.0,0,948.0,1,0,1,0,1,0,0,1,0,0
558,1,29.58,4.5,7.5,1,1,2.0,1,0.0,1,0,1,0,1,0,0,1,0,0
559,0,32.17,1.46,1.085,1,1,16.0,0,2079.0,1,0,1,0,1,0,0,1,0,0
560,1,51.42,0.04,0.04,1,0,0.0,0,3000.0,1,0,1,0,1,0,0,1,0,0
561,0,22.83,2.29,2.29,1,1,7.0,1,2384.0,1,0,1,0,1,0,0,1,0,0
562,0,25.0,12.33,3.5,1,1,6.0,0,458.0,1,0,1,0,1,0,0,1,0,0
563,1,26.75,1.125,1.25,1,0,0.0,0,5298.0,1,0,1,0,1,0,0,1,0,0
564,1,23.33,1.5,1.415,1,0,0.0,0,200.0,1,0,1,0,1,0,0,1,0,0
565,1,24.42,12.335,1.585,1,0,0.0,1,0.0,1,0,1,0,1,0,0,1,0,0
566,1,42.17,5.04,12.75,1,0,0.0,1,0.0,1,0,1,0,1,0,0,1,0,0
567,0,20.83,3.0,0.04,1,0,0.0,0,0.0,1,0,1,0,1,0,0,1,0,0
568,1,23.08,11.5,2.125,1,1,11.0,1,284.0,1,0,1,0,1,0,0,1,0,0
569,0,25.17,2.875,0.875,1,0,0.0,0,0.0,1,0,1,0,1,0,0,1,0,0
570,1,43.08,0.375,0.375,1,1,8.0,1,162.0,1,0,0,1,0,0,1,1,0,0
571,0,35.75,0.915,0.75,1,1,4.0,0,1583.0,1,0,1,0,1,0,0,1,0,0
572,1,59.5,2.75,1.75,1,1,5.0,1,58.0,1,0,1,0,1,0,0,1,0,0
573,1,21.0,3.0,1.085,1,1,8.0,1,1.0,1,0,0,1,0,0,1,1,0,0
574,1,21.92,0.54,0.04,1,1,1.0,1,59.0,1,0,0,1,0,0,1,1,0,0
575,0,65.17,14.0,0.0,1,1,11.0,1,1400.0,1,0,1,0,1,0,0,1,0,0
576,0,20.33,10.0,1.0,1,1,4.0,0,1465.0,1,0,1,0,1,0,0,1,0,0
577,1,32.25,0.165,3.25,1,1,1.0,1,8000.0,1,0,0,1,0,0,1,1,0,0
578,1,30.17,0.5,1.75,1,1,11.0,0,540.0,1,0,1,0,1,0,0,1,0,0
579,1,25.17,6.0,1.0,1,1,3.0,0,0.0,1,0,1,0,1,0,0,1,0,0
580,1,39.17,1.625,1.5,1,1,10.0,0,4700.0,1,0,1,0,1,0,0,1,0,0
581,1,39.08,6.0,1.29,1,1,5.0,1,1097.0,1,0,1,0,1,0,0,1,0,0
582,1,31.67,0.83,1.335,1,1,8.0,1,3290.0,1,0,1,0,1,0,0,1,0,0
583,1,41.0,0.04,0.04,0,1,1.0,0,0.0,1,0,1,0,1,0,0,0,0,1
584,1,48.5,4.25,0.125,1,0,0.0,1,0.0,1,0,1,0,1,0,0,1,0,0
585,1,32.67,9.0,5.25,1,0,0.0,1,0.0,1,0,0,1,0,0,1,1,0,0
586,0,28.08,15.0,0.0,1,0,0.0,0,13212.0,1,0,0,1,0,0,1,1,0,0
587,1,73.42,17.75,0.0,1,0,0.0,1,0.0,1,0,1,0,1,0,0,1,0,0
588,1,64.08,20.0,17.5,1,1,9.0,1,1000.0,1,0,1,0,1,0,0,1,0,0
589,1,51.58,15.0,8.5,1,1,9.0,0,0.0,1,0,1,0,1,0,0,1,0,0
590,1,26.67,1.75,1.0,1,1,5.0,1,5777.0,1,0,0,1,0,0,1,1,0,0
591,1,25.33,0.58,0.29,1,1,7.0,1,5124.0,1,0,1,0,1,0,0,1,0,0
592,1,30.17,6.5,3.125,1,1,8.0,0,1200.0,1,0,1,0,1,0,0,1,0,0
593,1,27.0,0.75,4.25,1,1,3.0,1,150.0,1,0,1,0,1,0,0,1,0,0
594,1,23.17,0.0,0.0,0,0,0.0,0,0.0,1,0,1,0,1,0,0,0,1,0
595,1,34.17,5.25,0.085,0,0,0.0,1,6.0,1,0,1,0,1,0,0,1,0,0
596,1,38.67,0.21,0.085,1,0,0.0,1,0.0,1,0,1,0,1,0,0,1,0,0
597,1,25.75,0.75,0.25,1,0,0.0,0,23.0,1,0,1,0,1,0,0,1,0,0
598,0,46.08,3.0,2.375,1,1,8.0,1,4159.0,1,0,1,0,1,0,0,1,0,0
599,0,21.5,6.0,2.5,1,1,3.0,0,918.0,1,0,1,0,1,0,0,1,0,0
600,0,20.08,0.125,1.0,0,1,1.0,0,768.0,1,0,1,0,1,0,0,1,0,0
601,1,20.5,2.415,2.0,1,1,11.0,1,3000.0,1,0,1,0,1,0,0,1,0,0
602,0,29.5,0.46,0.54,1,1,4.0,0,500.0,1,0,1,0,1,0,0,1,0,0
603,0,42.25,1.75,0.0,0,0,0.0,1,1.0,0,0,0,1,0,0,1,1,0,0
604,1,29.83,1.25,0.25,0,0,0.0,0,0.0,0,0,0,1,0,0,1,1,0,0
605,1,20.08,0.25,0.125,0,0,0.0,0,0.0,0,0,1,0,1,0,0,1,0,0
606,1,23.42,0.585,0.085,1,0,0.0,0,0.0,0,0,1,0,1,0,0,1,0,0
607,0,29.58,1.75,1.25,0,0,0.0,1,0.0,0,0,0,1,0,0,1,1,0,0
608,1,16.17,0.04,0.04,0,0,0.0,0,0.0,1,0,1,0,1,0,0,1,0,0
609,1,32.33,3.5,0.5,0,0,0.0,1,0.0,0,0,1,0,1,0,0,1,0,0
610,1,34.45039898962206,0.04,4.25,0,0,0.0,1,0.0,0,0,0,1,0,0,1,1,0,0
611,1,47.83,4.165,0.085,0,0,0.0,1,0.0,0,0,1,0,1,0,0,1,0,0
612,1,20.0,1.25,0.125,0,0,0.0,0,4.0,0,0,0,1,0,0,1,1,0,0
613,1,27.58,3.25,5.085,0,1,2.0,1,1.0,0,0,0,1,0,0,1,1,0,0
614,1,22.0,0.79,0.29,0,1,1.0,0,283.0,0,0,1,0,1,0,0,1,0,0
615,1,19.33,10.915,0.585,0,1,2.0,1,7.0,0,0,1,0,1,0,0,1,0,0
616,0,38.33,4.415,0.125,0,0,0.0,0,0.0,0,0,1,0,1,0,0,1,0,0
617,1,29.42,1.25,0.25,0,1,2.0,1,108.0,0,0,1,0,1,0,0,1,0,0
618,1,22.67,0.75,1.585,0,1,1.0,1,9.0,0,0,1,0,1,0,0,1,0,0
619,1,32.25,14.0,0.0,0,1,2.0,0,1.0,0,0,0,1,0,0,1,1,0,0
620,1,29.58,4.75,2.0,0,1,1.0,1,68.0,0,0,1,0,1,0,0,1,0,0
621,1,18.42,10.415,0.125,1,0,0.0,0,375.0,0,0,0,1,0,0,1,1,0,0
622,1,22.17,2.25,0.125,0,0,0.0,0,10.0,0,0,1,0,1,0,0,1,0,0
623,1,22.67,0.165,2.25,0,0,0.0,1,0.0,1,0,1,0,1,0,0,0,0,1
624,0,25.58,0.0,0.0,0,0,0.0,0,0.0,1,0,1,0,1,0,0,0,1,0
625,1,18.83,0.0,0.665,0,0,0.0,0,1.0,0,0,1,0,1,0,0,1,0,0
626,1,21.58,0.79,0.665,0,0,0.0,0,0.0,0,0,0,1,0,0,1,1,0,0
627,1,23.75,12.0,2.085,0,0,0.0,0,0.0,0,0,1,0,1,0,0,0,0,1
628,1,22.0,7.835,0.165,0,0,0.0,1,0.0,0,0,0,1,0,0,1,1,0,0
629,1,36.08,2.54,0.0,0,0,0.0,0,1000.0,0,0,1,0,1,0,0,1,0,0
630,1,29.25,13.0,0.5,0,0,0.0,0,0.0,0,0,1,0,1,0,0,1,0,0
631,0,19.58,0.665,1.665,0,0,0.0,0,5.0,0,0,1,0,1,0,0,1,0,0
632,0,22.92,1.25,0.25,0,0,0.0,1,809.0,0,0,1,0,1,0,0,1,0,0
633,0,27.25,0.29,0.125,0,1,1.0,1,108.0,0,0,1,0,1,0,0,1,0,0
634,0,38.75,1.5,0.0,0,0,0.0,0,0.0,0,0,1,0,1,0,0,1,0,0
635,1,32.42,2.165,0.0,0,0,0.0,0,0.0,0,0,0,1,0,0,1,1,0,0
636,0,23.75,0.71,0.25,0,1,1.0,1,4.0,0,0,1,0,1,0,0,1,0,0
637,1,18.17,2.46,0.96,0,1,2.0,1,587.0,0,0,1,0,1,0,0,1,0,0
638,1,40.92,0.5,0.5,0,0,0.0,1,0.0,0,0,0,1,0,0,1,1,0,0
639,1,19.5,9.585,0.79,0,0,0.0,0,350.0,0,0,1,0,1,0,0,1,0,0
640,1,28.58,3.625,0.25,0,0,0.0,1,0.0,0,0,1,0,1,0,0,1,0,0
641,1,35.58,0.75,1.5,0,0,0.0,1,0.0,0,0,1,0,1,0,0,1,0,0
642,1,34.17,2.75,2.5,0,0,0.0,1,200.0,0,0,1,0,1,0,0,1,0,0
643,0,33.17,2.25,3.5,0,0,0.0,1,141.0,0,0,0,1,0,0,1,1,0,0
644,1,31.58,0.75,3.5,0,0,0.0,1,0.0,0,0,0,1,0,0,1,1,0,0
645,0,52.5,7.0,3.0,0,0,0.0,0,0.0,0,0,1,0,1,0,0,1,0,0
646,1,36.17,0.42,0.29,0,0,0.0,1,2.0,0,0,0,1,0,0,1,1,0,0
647,1,37.33,2.665,0.165,0,0,0.0,1,501.0,0,0,1,0,1,0,0,1,0,0
648,0,20.83,8.5,0.165,0,0,0.0,0,351.0,0,0,1,0,1,0,0,1,0,0
649,1,24.08,9.0,0.25,0,0,0.0,1,0.0,0,0,1,0,1,0,0,1,0,0
650,1,25.58,0.335,3.5,0,0,0.0,1,0.0,0,0,1,0,1,0,0,1,0,0
651,0,35.17,3.75,0.0,0,1,6.0,0,200.0,0,0,1,0,1,0,0,1,0,0
652,1,48.08,3.75,1.0,0,0,0.0,0,2.0,0,0,1,0,1,0,0,1,0,0
653,0,15.83,7.625,0.125,0,1,1.0,1,160.0,0,0,1,0,1,0,0,1,0,0
654,0,22.5,0.415,0.335,0,0,0.0,1,0.0,0,0,1,0,1,0,0,0,0,1
655,1,21.5,11.5,0.5,1,0,0.0,1,68.0,0,0,1,0,1,0,0,1,0,0
656,0,23.58,0.83,0.415,0,1,1.0,1,11.0,0,0,1,0,1,0,0,1,0,0
657,0,21.08,5.0,0.0,0,0,0.0,0,0.0,0,0,0,1,0,0,1,1,0,0
658,1,25.67,3.25,2.29,0,1,1.0,1,21.0,0,0,1,0,1,0,0,1,0,0
659,0,38.92,1.665,0.25,0,0,0.0,0,390.0,0,0,1,0,1,0,0,1,0,0
660,0,15.75,0.375,1.0,0,0,0.0,0,18.0,0,0,1,0,1,0,0,1,0,0
661,0,28.58,3.75,0.25,0,1,1.0,1,154.0,0,0,1,0,1,0,0,1,0,0
662,1,22.25,9.0,0.085,0,0,0.0,0,0.0,0,0,1,0,1,0,0,1,0,0
663,1,29.83,3.5,0.165,0,0,0.0,0,0.0,0,0,1,0,1,0,0,1,0,0
664,0,23.5,1.5,0.875,0,0,0.0,1,0.0,0,0,1,0,1,0,0,1,0,0
665,1,32.08,4.0,1.5,0,0,0.0,1,0.0,0,0,0,1,0,0,1,1,0,0
666,1,31.08,1.5,0.04,0,0,0.0,0,0.0,0,0,0,1,0,0,1,0,0,1
667,1,31.83,0.04,0.04,0,0,0.0,0,0.0,0,0,0,1,0,0,1,1,0,0
668,0,21.75,11.75,0.25,0,0,0.0,1,0.0,0,0,1,0,1,0,0,1,0,0
669,0,17.92,0.54,1.75,0,1,1.0,1,5.0,0,0,1,0,1,0,0,1,0,0
670,1,30.33,0.5,0.085,0,0,0.0,1,0.0,0,0,1,0,1,0,0,0,0,1
671,1,51.83,2.04,1.5,0,0,0.0,0,1.0,0,0,0,1,0,0,1,1,0,0
672,1,47.17,5.835,5.5,0,0,0.0,0,150.0,0,0,1,0,1,0,0,1,0,0
673,1,25.83,12.835,0.5,0,0,0.0,0,2.0,0,0,1,0,1,0,0,1,0,0
674,0,50.25,0.835,0.5,0,0,0.0,1,117.0,0,0,1,0,1,0,0,1,0,0
675,0,29.5,2.0,2.0,0,0,0.0,0,17.0,0,0,0,1,0,0,1,1,0,0
676,0,37.33,2.5,0.21,0,0,0.0,0,246.0,0,0,1,0,1,0,0,1,0,0
677,0,41.58,1.04,0.665,0,0,0.0,0,237.0,0,0,1,0,1,0,0,1,0,0
678,0,30.58,10.665,0.085,0,1,12.0,1,3.0,0,0,1,0,1,0,0,1,0,0
679,1,19.42,7.25,0.04,0,1,1.0,0,1.0,0,0,1,0,1,0,0,1,0,0
680,0,17.92,10.21,0.0,0,0,0.0,0,50.0,0,0,1,0,1,0,0,1,0,0
681,0,20.08,1.25,0.0,0,0,0.0,0,0.0,0,0,1,0,1,0,0,1,0,0
682,1,19.5,0.29,0.29,0,0,0.0,0,364.0,0,0,1,0,1,0,0,1,0,0
683,1,27.83,1.0,3.0,0,0,0.0,0,537.0,0,0,0,1,0,0,1,1,0,0
684,1,17.08,3.29,0.335,0,0,0.0,1,2.0,0,0,1,0,1,0,0,1,0,0
685,1,36.42,0.75,0.585,0,0,0.0,0,3.0,0,0,0,1,0,0,1,1,0,0
686,1,40.58,3.29,3.5,0,0,0.0,1,0.0,0,0,1,0,1,0,0,0,0,1
687,1,21.08,10.085,1.25,0,0,0.0,0,0.0,0,0,0,1,0,0,1,1,0,0
688,0,22.67,0.75,2.0,0,1,2.0,1,394.0,0,0,1,0,1,0,0,1,0,0
689,0,25.25,13.5,2.0,0,1,1.0,1,1.0,0,0,0,1,0,0,1,1,0,0
690,1,17.92,0.205,0.04,0,0,0.0,0,750.0,0,0,1,0,1,0,0,1,0,0
691,1,35.0,3.375,8.29,0,0,0.0,1,0.0,0,0,1,0,1,0,0,1,0,0
